result,radmean,,textmean,,perimean,,areamean,,smoomean,,compmean,,concave,,copoints,,symmetry,,fractal,,radse,,textse,,perimtrse,,arease,,smoothse,,compse,,concavse,,conptse
1,17.99,,10.38,,122.8,,1001,,0.1184,,0.2776,,0.3001,,0.1471,,0.2419,,0.07871,,1.095,,0.9053,,8.589,,153.4,,0.006399,,0.04904,,0.05373,,0.01587
1,20.57,,17.77,,132.9,,1326,,0.08474,,0.07864,,0.0869,,0.07017,,0.1812,,0.05667,,0.5435,,0.7339,,3.398,,74.08,,0.005225,,0.01308,,0.0186,,0.0134
1,19.69,,21.25,,130,,1203,,0.1096,,0.1599,,0.1974,,0.1279,,0.2069,,0.05999,,0.7456,,0.7869,,4.585,,94.03,,0.00615,,0.04006,,0.03832,,0.02058
1,11.42,,20.38,,77.58,,386.1,,0.1425,,0.2839,,0.2414,,0.1052,,0.2597,,0.09744,,0.4956,,1.156,,3.445,,27.23,,0.00911,,0.07458,,0.05661,,0.01867
1,20.29,,14.34,,135.1,,1297,,0.1003,,0.1328,,0.198,,0.1043,,0.1809,,0.05883,,0.7572,,0.7813,,5.438,,94.44,,0.01149,,0.02461,,0.05688,,0.01885
1,12.45,,15.7,,82.57,,477.1,,0.1278,,0.17,,0.1578,,0.08089,,0.2087,,0.07613,,0.3345,,0.8902,,2.217,,27.19,,0.00751,,0.03345,,0.03672,,0.01137
1,18.25,,19.98,,119.6,,1040,,0.09463,,0.109,,0.1127,,0.074,,0.1794,,0.05742,,0.4467,,0.7732,,3.18,,53.91,,0.004314,,0.01382,,0.02254,,0.01039
1,13.71,,20.83,,90.2,,577.9,,0.1189,,0.1645,,0.09366,,0.05985,,0.2196,,0.07451,,0.5835,,1.377,,3.856,,50.96,,0.008805,,0.03029,,0.02488,,0.01448
1,13,,21.82,,87.5,,519.8,,0.1273,,0.1932,,0.1859,,0.09353,,0.235,,0.07389,,0.3063,,1.002,,2.406,,24.32,,0.005731,,0.03502,,0.03553,,0.01226
1,12.46,,24.04,,83.97,,475.9,,0.1186,,0.2396,,0.2273,,0.08543,,0.203,,0.08243,,0.2976,,1.599,,2.039,,23.94,,0.007149,,0.07217,,0.07743,,0.01432
1,16.02,,23.24,,102.7,,797.8,,0.08206,,0.06669,,0.03299,,0.03323,,0.1528,,0.05697,,0.3795,,1.187,,2.466,,40.51,,0.004029,,0.009269,,0.01101,,0.007591
1,15.78,,17.89,,103.6,,781,,0.0971,,0.1292,,0.09954,,0.06606,,0.1842,,0.06082,,0.5058,,0.9849,,3.564,,54.16,,0.005771,,0.04061,,0.02791,,0.01282
1,19.17,,24.8,,132.4,,1123,,0.0974,,0.2458,,0.2065,,0.1118,,0.2397,,0.078,,0.9555,,3.568,,11.07,,116.2,,0.003139,,0.08297,,0.0889,,0.0409
1,15.85,,23.95,,103.7,,782.7,,0.08401,,0.1002,,0.09938,,0.05364,,0.1847,,0.05338,,0.4033,,1.078,,2.903,,36.58,,0.009769,,0.03126,,0.05051,,0.01992
1,13.73,,22.61,,93.6,,578.3,,0.1131,,0.2293,,0.2128,,0.08025,,0.2069,,0.07682,,0.2121,,1.169,,2.061,,19.21,,0.006429,,0.05936,,0.05501,,0.01628
1,14.54,,27.54,,96.73,,658.8,,0.1139,,0.1595,,0.1639,,0.07364,,0.2303,,0.07077,,0.37,,1.033,,2.879,,32.55,,0.005607,,0.0424,,0.04741,,0.0109
1,14.68,,20.13,,94.74,,684.5,,0.09867,,0.072,,0.07395,,0.05259,,0.1586,,0.05922,,0.4727,,1.24,,3.195,,45.4,,0.005718,,0.01162,,0.01998,,0.01109
1,16.13,,20.68,,108.1,,798.8,,0.117,,0.2022,,0.1722,,0.1028,,0.2164,,0.07356,,0.5692,,1.073,,3.854,,54.18,,0.007026,,0.02501,,0.03188,,0.01297
1,19.81,,22.15,,130,,1260,,0.09831,,0.1027,,0.1479,,0.09498,,0.1582,,0.05395,,0.7582,,1.017,,5.865,,112.4,,0.006494,,0.01893,,0.03391,,0.01521
2,13.54,,14.36,,87.46,,566.3,,0.09779,,0.08129,,0.06664,,0.04781,,0.1885,,0.05766,,0.2699,,0.7886,,2.058,,23.56,,0.008462,,0.0146,,0.02387,,0.01315
2,13.08,,15.71,,85.63,,520,,0.1075,,0.127,,0.04568,,0.0311,,0.1967,,0.06811,,0.1852,,0.7477,,1.383,,14.67,,0.004097,,0.01898,,0.01698,,0.00649
2,9.504,,12.44,,60.34,,273.9,,0.1024,,0.06492,,0.02956,,0.02076,,0.1815,,0.06905,,0.2773,,0.9768,,1.909,,15.7,,0.009606,,0.01432,,0.01985,,0.01421
2,15.34,,14.26,,102.5,,704.4,,0.1073,,0.2135,,0.2077,,0.09756,,0.2521,,0.07032,,0.4388,,0.7096,,3.384,,44.91,,0.006789,,0.05328,,0.06446,,0.02252
2,21.16,,23.04,,137.2,,1404,,0.09428,,0.1022,,0.1097,,0.08632,,0.1769,,0.05278,,0.6917,,1.127,,4.303,,93.99,,0.004728,,0.01259,,0.01715,,0.01038
2,16.65,,21.38,,110,,904.6,,0.1121,,0.1457,,0.1525,,0.0917,,0.1995,,0.0633,,0.8068,,0.9017,,5.455,,102.6,,0.006048,,0.01882,,0.02741,,0.0113
2,17.14,,16.4,,116,,912.7,,0.1186,,0.2276,,0.2229,,0.1401,,0.304,,0.07413,,1.046,,0.976,,7.276,,111.4,,0.008029,,0.03799,,0.03732,,0.02397
2,14.58,,21.53,,97.41,,644.8,,0.1054,,0.1868,,0.1425,,0.08783,,0.2252,,0.06924,,0.2545,,0.9832,,2.11,,21.05,,0.004452,,0.03055,,0.02681,,0.01352
2,18.61,,20.25,,122.1,,1094,,0.0944,,0.1066,,0.149,,0.07731,,0.1697,,0.05699,,0.8529,,1.849,,5.632,,93.54,,0.01075,,0.02722,,0.05081,,0.01911
2,15.3,,25.27,,102.4,,732.4,,0.1082,,0.1697,,0.1683,,0.08751,,0.1926,,0.0654,,0.439,,1.012,,3.498,,43.5,,0.005233,,0.03057,,0.03576,,0.01083
2,17.57,,15.05,,115,,955.1,,0.09847,,0.1157,,0.09875,,0.07953,,0.1739,,0.06149,,0.6003,,0.8225,,4.655,,61.1,,0.005627,,0.03033,,0.03407,,0.01354
2,18.63,,25.11,,124.8,,1088,,0.1064,,0.1887,,0.2319,,0.1244,,0.2183,,0.06197,,0.8307,,1.466,,5.574,,105,,0.006248,,0.03374,,0.05196,,0.01158
2,11.84,,18.7,,77.93,,440.6,,0.1109,,0.1516,,0.1218,,0.05182,,0.2301,,0.07799,,0.4825,,1.03,,3.475,,41,,0.005551,,0.03414,,0.04205,,0.01044
2,17.02,,23.98,,112.8,,899.3,,0.1197,,0.1496,,0.2417,,0.1203,,0.2248,,0.06382,,0.6009,,1.398,,3.999,,67.78,,0.008268,,0.03082,,0.05042,,0.01112
2,19.27,,26.47,,127.9,,1162,,0.09401,,0.1719,,0.1657,,0.07593,,0.1853,,0.06261,,0.5558,,0.6062,,3.528,,68.17,,0.005015,,0.03318,,0.03497,,0.009643
2,16.13,,17.88,,107,,807.2,,0.104,,0.1559,,0.1354,,0.07752,,0.1998,,0.06515,,0.334,,0.6857,,2.183,,35.03,,0.004185,,0.02868,,0.02664,,0.009067
2,16.74,,21.59,,110.1,,869.5,,0.0961,,0.1336,,0.1348,,0.06018,,0.1896,,0.05656,,0.4615,,0.9197,,3.008,,45.19,,0.005776,,0.02499,,0.03695,,0.01195
2,14.25,,21.72,,93.63,,633,,0.09823,,0.1098,,0.1319,,0.05598,,0.1885,,0.06125,,0.286,,1.019,,2.657,,24.91,,0.005878,,0.02995,,0.04815,,0.01161
2,13.03,,18.42,,82.61,,523.8,,0.08983,,0.03766,,0.02562,,0.02923,,0.1467,,0.05863,,0.1839,,2.342,,1.17,,14.16,,0.004352,,0.004899,,0.01343,,0.01164
2,14.99,,25.2,,95.54,,698.8,,0.09387,,0.05131,,0.02398,,0.02899,,0.1565,,0.05504,,1.214,,2.188,,8.077,,106,,0.006883,,0.01094,,0.01818,,0.01917
3,13.48,,20.82,,88.4,,559.2,,0.1016,,0.1255,,0.1063,,0.05439,,0.172,,0.06419,,0.213,,0.5914,,1.545,,18.52,,0.005367,,0.02239,,0.03049,,0.01262
3,13.44,,21.58,,86.18,,563,,0.08162,,0.06031,,0.0311,,0.02031,,0.1784,,0.05587,,0.2385,,0.8265,,1.572,,20.53,,0.00328,,0.01102,,0.0139,,0.006881
3,10.95,,21.35,,71.9,,371.1,,0.1227,,0.1218,,0.1044,,0.05669,,0.1895,,0.0687,,0.2366,,1.428,,1.822,,16.97,,0.008064,,0.01764,,0.02595,,0.01037
3,19.07,,24.81,,128.3,,1104,,0.09081,,0.219,,0.2107,,0.09961,,0.231,,0.06343,,0.9811,,1.666,,8.83,,104.9,,0.006548,,0.1006,,0.09723,,0.02638
3,13.28,,20.28,,87.32,,545.2,,0.1041,,0.1436,,0.09847,,0.06158,,0.1974,,0.06782,,0.3704,,0.8249,,2.427,,31.33,,0.005072,,0.02147,,0.02185,,0.00956
3,13.17,,21.81,,85.42,,531.5,,0.09714,,0.1047,,0.08259,,0.05252,,0.1746,,0.06177,,0.1938,,0.6123,,1.334,,14.49,,0.00335,,0.01384,,0.01452,,0.006853
3,18.65,,17.6,,123.7,,1076,,0.1099,,0.1686,,0.1974,,0.1009,,0.1907,,0.06049,,0.6289,,0.6633,,4.293,,71.56,,0.006294,,0.03994,,0.05554,,0.01695
3,8.196,,16.84,,51.71,,201.9,,0.086,,0.05943,,0.01588,,0.005917,,0.1769,,0.06503,,0.1563,,0.9567,,1.094,,8.205,,0.008968,,0.01646,,0.01588,,0.005917
3,13.17,,18.66,,85.98,,534.6,,0.1158,,0.1231,,0.1226,,0.0734,,0.2128,,0.06777,,0.2871,,0.8937,,1.897,,24.25,,0.006532,,0.02336,,0.02905,,0.01215
3,12.05,,14.63,,78.04,,449.3,,0.1031,,0.09092,,0.06592,,0.02749,,0.1675,,0.06043,,0.2636,,0.7294,,1.848,,19.87,,0.005488,,0.01427,,0.02322,,0.00566
3,13.49,,22.3,,86.91,,561,,0.08752,,0.07698,,0.04751,,0.03384,,0.1809,,0.05718,,0.2338,,1.353,,1.735,,20.2,,0.004455,,0.01382,,0.02095,,0.01184
3,11.76,,21.6,,74.72,,427.9,,0.08637,,0.04966,,0.01657,,0.01115,,0.1495,,0.05888,,0.4062,,1.21,,2.635,,28.47,,0.005857,,0.009758,,0.01168,,0.007445
3,13.64,,16.34,,87.21,,571.8,,0.07685,,0.06059,,0.01857,,0.01723,,0.1353,,0.05953,,0.1872,,0.9234,,1.449,,14.55,,0.004477,,0.01177,,0.01079,,0.007956
3,11.94,,18.24,,75.71,,437.6,,0.08261,,0.04751,,0.01972,,0.01349,,0.1868,,0.0611,,0.2273,,0.6329,,1.52,,17.47,,0.00721,,0.00838,,0.01311,,0.008
3,18.22,,18.7,,120.3,,1033,,0.1148,,0.1485,,0.1772,,0.106,,0.2092,,0.0631,,0.8337,,1.593,,4.877,,98.81,,0.003899,,0.02961,,0.02817,,0.009222
3,15.1,,22.02,,97.26,,712.8,,0.09056,,0.07081,,0.05253,,0.03334,,0.1616,,0.05684,,0.3105,,0.8339,,2.097,,29.91,,0.004675,,0.0103,,0.01603,,0.009222
3,11.52,,18.75,,73.34,,409,,0.09524,,0.05473,,0.03036,,0.02278,,0.192,,0.05907,,0.3249,,0.9591,,2.183,,23.47,,0.008328,,0.008722,,0.01349,,0.00867
3,19.21,,18.57,,125.5,,1152,,0.1053,,0.1267,,0.1323,,0.08994,,0.1917,,0.05961,,0.7275,,1.193,,4.837,,102.5,,0.006458,,0.02306,,0.02945,,0.01538
3,14.71,,21.59,,95.55,,656.9,,0.1137,,0.1365,,0.1293,,0.08123,,0.2027,,0.06758,,0.4226,,1.15,,2.735,,40.09,,0.003659,,0.02855,,0.02572,,0.01272
3,13.05,,19.31,,82.61,,527.2,,0.0806,,0.03789,,0.000692,,0.004167,,0.1819,,0.05501,,0.404,,1.214,,2.595,,32.96,,0.007491,,0.008593,,0.000692,,0.004167
4,8.618,,11.79,,54.34,,224.5,,0.09752,,0.05272,,0.02061,,0.007799,,0.1683,,0.07187,,0.1559,,0.5796,,1.046,,8.322,,0.01011,,0.01055,,0.01981,,0.005742
4,10.17,,14.88,,64.55,,311.9,,0.1134,,0.08061,,0.01084,,0.0129,,0.2743,,0.0696,,0.5158,,1.441,,3.312,,34.62,,0.007514,,0.01099,,0.007665,,0.008193
4,8.598,,20.98,,54.66,,221.8,,0.1243,,0.08963,,0.03,,0.009259,,0.1828,,0.06757,,0.3582,,2.067,,2.493,,18.39,,0.01193,,0.03162,,0.03,,0.009259
4,14.25,,22.15,,96.42,,645.7,,0.1049,,0.2008,,0.2135,,0.08653,,0.1949,,0.07292,,0.7036,,1.268,,5.373,,60.78,,0.009407,,0.07056,,0.06899,,0.01848
4,9.173,,13.86,,59.2,,260.9,,0.07721,,0.08751,,0.05988,,0.0218,,0.2341,,0.06963,,0.4098,,2.265,,2.608,,23.52,,0.008738,,0.03938,,0.04312,,0.0156
4,12.68,,23.84,,82.69,,499,,0.1122,,0.1262,,0.1128,,0.06873,,0.1905,,0.0659,,0.4255,,1.178,,2.927,,36.46,,0.007781,,0.02648,,0.02973,,0.0129
4,14.78,,23.94,,97.4,,668.3,,0.1172,,0.1479,,0.1267,,0.09029,,0.1953,,0.06654,,0.3577,,1.281,,2.45,,35.24,,0.006703,,0.0231,,0.02315,,0.01184
4,9.465,,21.01,,60.11,,269.4,,0.1044,,0.07773,,0.02172,,0.01504,,0.1717,,0.06899,,0.2351,,2.011,,1.66,,14.2,,0.01052,,0.01755,,0.01714,,0.009333
4,11.31,,19.04,,71.8,,394.1,,0.08139,,0.04701,,0.03709,,0.0223,,0.1516,,0.05667,,0.2727,,0.9429,,1.831,,18.15,,0.009282,,0.009216,,0.02063,,0.008965
4,9.029,,17.33,,58.79,,250.5,,0.1066,,0.1413,,0.313,,0.04375,,0.2111,,0.08046,,0.3274,,1.194,,1.885,,17.67,,0.009549,,0.08606,,0.3038,,0.03322
4,12.78,,16.49,,81.37,,502.5,,0.09831,,0.05234,,0.03653,,0.02864,,0.159,,0.05653,,0.2368,,0.8732,,1.471,,18.33,,0.007962,,0.005612,,0.01585,,0.008662
4,18.94,,21.31,,123.6,,1130,,0.09009,,0.1029,,0.108,,0.07951,,0.1582,,0.05461,,0.7888,,0.7975,,5.486,,96.05,,0.004444,,0.01652,,0.02269,,0.0137
4,8.888,,14.64,,58.79,,244,,0.09783,,0.1531,,0.08606,,0.02872,,0.1902,,0.0898,,0.5262,,0.8522,,3.168,,25.44,,0.01721,,0.09368,,0.05671,,0.01766
4,17.2,,24.52,,114.2,,929.4,,0.1071,,0.183,,0.1692,,0.07944,,0.1927,,0.06487,,0.5907,,1.041,,3.705,,69.47,,0.00582,,0.05616,,0.04252,,0.01127
4,13.8,,15.79,,90.43,,584.1,,0.1007,,0.128,,0.07789,,0.05069,,0.1662,,0.06566,,0.2787,,0.6205,,1.957,,23.35,,0.004717,,0.02065,,0.01759,,0.009206
4,12.31,,16.52,,79.19,,470.9,,0.09172,,0.06829,,0.03372,,0.02272,,0.172,,0.05914,,0.2505,,1.025,,1.74,,19.68,,0.004854,,0.01819,,0.01826,,0.007965
4,16.07,,19.65,,104.1,,817.7,,0.09168,,0.08424,,0.09769,,0.06638,,0.1798,,0.05391,,0.7474,,1.016,,5.029,,79.25,,0.01082,,0.02203,,0.035,,0.01809
4,13.53,,10.94,,87.91,,559.2,,0.1291,,0.1047,,0.06877,,0.06556,,0.2403,,0.06641,,0.4101,,1.014,,2.652,,32.65,,0.0134,,0.02839,,0.01162,,0.008239
4,18.05,,16.15,,120.2,,1006,,0.1065,,0.2146,,0.1684,,0.108,,0.2152,,0.06673,,0.9806,,0.5505,,6.311,,134.8,,0.00794,,0.05839,,0.04658,,0.0207
4,20.18,,23.97,,143.7,,1245,,0.1286,,0.3454,,0.3754,,0.1604,,0.2906,,0.08142,,0.9317,,1.885,,8.649,,116.4,,0.01038,,0.06835,,0.1091,,0.02593
4,12.86,,18,,83.19,,506.3,,0.09934,,0.09546,,0.03889,,0.02315,,0.1718,,0.05997,,0.2655,,1.095,,1.778,,20.35,,0.005293,,0.01661,,0.02071,,0.008179
4,11.45,,20.97,,73.81,,401.5,,0.1102,,0.09362,,0.04591,,0.02233,,0.1842,,0.07005,,0.3251,,2.174,,2.077,,24.62,,0.01037,,0.01706,,0.02586,,0.007506
4,13.34,,15.86,,86.49,,520,,0.1078,,0.1535,,0.1169,,0.06987,,0.1942,,0.06902,,0.286,,1.016,,1.535,,12.96,,0.006794,,0.03575,,0.0398,,0.01383
4,25.22,,24.91,,171.5,,1878,,0.1063,,0.2665,,0.3339,,0.1845,,0.1829,,0.06782,,0.8973,,1.474,,7.382,,120,,0.008166,,0.05693,,0.0573,,0.0203
4,19.1,,26.29,,129.1,,1132,,0.1215,,0.1791,,0.1937,,0.1469,,0.1634,,0.07224,,0.519,,2.91,,5.801,,67.1,,0.007545,,0.0605,,0.02134,,0.01843
4,12,,15.65,,76.95,,443.3,,0.09723,,0.07165,,0.04151,,0.01863,,0.2079,,0.05968,,0.2271,,1.255,,1.441,,16.16,,0.005969,,0.01812,,0.02007,,0.007027
4,18.46,,18.52,,121.1,,1075,,0.09874,,0.1053,,0.1335,,0.08795,,0.2132,,0.06022,,0.6997,,1.475,,4.782,,80.6,,0.006471,,0.01649,,0.02806,,0.0142
4,14.48,,21.46,,94.25,,648.2,,0.09444,,0.09947,,0.1204,,0.04938,,0.2075,,0.05636,,0.4204,,2.22,,3.301,,38.87,,0.009369,,0.02983,,0.05371,,0.01761
4,19.02,,24.59,,122,,1076,,0.09029,,0.1206,,0.1468,,0.08271,,0.1953,,0.05629,,0.5495,,0.6636,,3.055,,57.65,,0.003872,,0.01842,,0.0371,,0.012
4,12.36,,21.8,,79.78,,466.1,,0.08772,,0.09445,,0.06015,,0.03745,,0.193,,0.06404,,0.2978,,1.502,,2.203,,20.95,,0.007112,,0.02493,,0.02703,,0.01293
4,14.64,,15.24,,95.77,,651.9,,0.1132,,0.1339,,0.09966,,0.07064,,0.2116,,0.06346,,0.5115,,0.7372,,3.814,,42.76,,0.005508,,0.04412,,0.04436,,0.01623
4,14.62,,24.02,,94.57,,662.7,,0.08974,,0.08606,,0.03102,,0.02957,,0.1685,,0.05866,,0.3721,,1.111,,2.279,,33.76,,0.004868,,0.01818,,0.01121,,0.008606
4,15.37,,22.76,,100.2,,728.2,,0.092,,0.1036,,0.1122,,0.07483,,0.1717,,0.06097,,0.3129,,0.8413,,2.075,,29.44,,0.009882,,0.02444,,0.04531,,0.01763
4,13.27,,14.76,,84.74,,551.7,,0.07355,,0.05055,,0.03261,,0.02648,,0.1386,,0.05318,,0.4057,,1.153,,2.701,,36.35,,0.004481,,0.01038,,0.01358,,0.01082
4,13.45,,18.3,,86.6,,555.1,,0.1022,,0.08165,,0.03974,,0.0278,,0.1638,,0.0571,,0.295,,1.373,,2.099,,25.22,,0.005884,,0.01491,,0.01872,,0.009366
4,15.06,,19.83,,100.3,,705.6,,0.1039,,0.1553,,0.17,,0.08815,,0.1855,,0.06284,,0.4768,,0.9644,,3.706,,47.14,,0.00925,,0.03715,,0.04867,,0.01851
5,20.26,,23.03,,132.4,,1264,,0.09078,,0.1313,,0.1465,,0.08683,,0.2095,,0.05649,,0.7576,,1.509,,4.554,,87.87,,0.006016,,0.03482,,0.04232,,0.01269
5,12.18,,17.84,,77.79,,451.1,,0.1045,,0.07057,,0.0249,,0.02941,,0.19,,0.06635,,0.3661,,1.511,,2.41,,24.44,,0.005433,,0.01179,,0.01131,,0.01519
5,9.787,,19.94,,62.11,,294.5,,0.1024,,0.05301,,0.006829,,0.007937,,0.135,,0.0689,,0.335,,2.043,,2.132,,20.05,,0.01113,,0.01463,,0.005308,,0.00525
5,11.6,,12.84,,74.34,,412.6,,0.08983,,0.07525,,0.04196,,0.0335,,0.162,,0.06582,,0.2315,,0.5391,,1.475,,15.75,,0.006153,,0.0133,,0.01693,,0.006884
5,14.42,,19.77,,94.48,,642.5,,0.09752,,0.1141,,0.09388,,0.05839,,0.1879,,0.0639,,0.2895,,1.851,,2.376,,26.85,,0.008005,,0.02895,,0.03321,,0.01424
5,13.61,,24.98,,88.05,,582.7,,0.09488,,0.08511,,0.08625,,0.04489,,0.1609,,0.05871,,0.4565,,1.29,,2.861,,43.14,,0.005872,,0.01488,,0.02647,,0.009921
5,6.981,,13.43,,43.79,,143.5,,0.117,,0.07568,,0,,0,,0.193,,0.07818,,0.2241,,1.508,,1.553,,9.833,,0.01019,,0.01084,,0,,0
5,12.18,,20.52,,77.22,,458.7,,0.08013,,0.04038,,0.02383,,0.0177,,0.1739,,0.05677,,0.1924,,1.571,,1.183,,14.68,,0.00508,,0.006098,,0.01069,,0.006797
5,9.876,,19.4,,63.95,,298.3,,0.1005,,0.09697,,0.06154,,0.03029,,0.1945,,0.06322,,0.1803,,1.222,,1.528,,11.77,,0.009058,,0.02196,,0.03029,,0.01112
5,10.49,,19.29,,67.41,,336.1,,0.09989,,0.08578,,0.02995,,0.01201,,0.2217,,0.06481,,0.355,,1.534,,2.302,,23.13,,0.007595,,0.02219,,0.0288,,0.008614
5,13.11,,15.56,,87.21,,530.2,,0.1398,,0.1765,,0.2071,,0.09601,,0.1925,,0.07692,,0.3908,,0.9238,,2.41,,34.66,,0.007162,,0.02912,,0.05473,,0.01388
5,11.64,,18.33,,75.17,,412.5,,0.1142,,0.1017,,0.0707,,0.03485,,0.1801,,0.0652,,0.306,,1.657,,2.155,,20.62,,0.00854,,0.0231,,0.02945,,0.01398
5,12.36,,18.54,,79.01,,466.7,,0.08477,,0.06815,,0.02643,,0.01921,,0.1602,,0.06066,,0.1199,,0.8944,,0.8484,,9.227,,0.003457,,0.01047,,0.01167,,0.005558
5,22.27,,19.67,,152.8,,1509,,0.1326,,0.2768,,0.4264,,0.1823,,0.2556,,0.07039,,1.215,,1.545,,10.05,,170,,0.006515,,0.08668,,0.104,,0.0248
5,11.34,,21.26,,72.48,,396.5,,0.08759,,0.06575,,0.05133,,0.01899,,0.1487,,0.06529,,0.2344,,0.9861,,1.597,,16.41,,0.009113,,0.01557,,0.02443,,0.006435
5,9.777,,16.99,,62.5,,290.2,,0.1037,,0.08404,,0.04334,,0.01778,,0.1584,,0.07065,,0.403,,1.424,,2.747,,22.87,,0.01385,,0.02932,,0.02722,,0.01023
5,12.63,,20.76,,82.15,,480.4,,0.09933,,0.1209,,0.1065,,0.06021,,0.1735,,0.0707,,0.3424,,1.803,,2.711,,20.48,,0.01291,,0.04042,,0.05101,,0.02295
5,14.26,,19.65,,97.83,,629.9,,0.07837,,0.2233,,0.3003,,0.07798,,0.1704,,0.07769,,0.3628,,1.49,,3.399,,29.25,,0.005298,,0.07446,,0.1435,,0.02292
5,10.51,,20.19,,68.64,,334.2,,0.1122,,0.1303,,0.06476,,0.03068,,0.1922,,0.07782,,0.3336,,1.86,,2.041,,19.91,,0.01188,,0.03747,,0.04591,,0.01544
5,8.726,,15.83,,55.84,,230.9,,0.115,,0.08201,,0.04132,,0.01924,,0.1649,,0.07633,,0.1665,,0.5864,,1.354,,8.966,,0.008261,,0.02213,,0.03259,,0.0104
5,11.93,,21.53,,76.53,,438.6,,0.09768,,0.07849,,0.03328,,0.02008,,0.1688,,0.06194,,0.3118,,0.9227,,2,,24.79,,0.007803,,0.02507,,0.01835,,0.007711
6,8.95,,15.76,,58.74,,245.2,,0.09462,,0.1243,,0.09263,,0.02308,,0.1305,,0.07163,,0.3132,,0.9789,,3.28,,16.94,,0.01835,,0.0676,,0.09263,,0.02308
6,14.87,,16.67,,98.64,,682.5,,0.1162,,0.1649,,0.169,,0.08923,,0.2157,,0.06768,,0.4266,,0.9489,,2.989,,41.18,,0.006985,,0.02563,,0.03011,,0.01271
6,15.78,,22.91,,105.7,,782.6,,0.1155,,0.1752,,0.2133,,0.09479,,0.2096,,0.07331,,0.552,,1.072,,3.598,,58.63,,0.008699,,0.03976,,0.0595,,0.0139
6,17.95,,20.01,,114.2,,982,,0.08402,,0.06722,,0.07293,,0.05596,,0.2129,,0.05025,,0.5506,,1.214,,3.357,,54.04,,0.004024,,0.008422,,0.02291,,0.009863
6,11.41,,10.82,,73.34,,403.3,,0.09373,,0.06685,,0.03512,,0.02623,,0.1667,,0.06113,,0.1408,,0.4607,,1.103,,10.5,,0.00604,,0.01529,,0.01514,,0.00646
6,18.66,,17.12,,121.4,,1077,,0.1054,,0.11,,0.1457,,0.08665,,0.1966,,0.06213,,0.7128,,1.581,,4.895,,90.47,,0.008102,,0.02101,,0.03342,,0.01601
6,24.25,,20.2,,166.2,,1761,,0.1447,,0.2867,,0.4268,,0.2012,,0.2655,,0.06877,,1.509,,3.12,,9.807,,233,,0.02333,,0.09806,,0.1278,,0.01822
6,14.5,,10.89,,94.28,,640.7,,0.1101,,0.1099,,0.08842,,0.05778,,0.1856,,0.06402,,0.2929,,0.857,,1.928,,24.19,,0.003818,,0.01276,,0.02882,,0.012
6,13.37,,16.39,,86.1,,553.5,,0.07115,,0.07325,,0.08092,,0.028,,0.1422,,0.05823,,0.1639,,1.14,,1.223,,14.66,,0.005919,,0.0327,,0.04957,,0.01038
6,13.85,,17.21,,88.44,,588.7,,0.08785,,0.06136,,0.0142,,0.01141,,0.1614,,0.0589,,0.2185,,0.8561,,1.495,,17.91,,0.004599,,0.009169,,0.009127,,0.004814
6,13.61,,24.69,,87.76,,572.6,,0.09258,,0.07862,,0.05285,,0.03085,,0.1761,,0.0613,,0.231,,1.005,,1.752,,19.83,,0.004088,,0.01174,,0.01796,,0.00688
6,19,,18.91,,123.4,,1138,,0.08217,,0.08028,,0.09271,,0.05627,,0.1946,,0.05044,,0.6896,,1.342,,5.216,,81.23,,0.004428,,0.02731,,0.0404,,0.01361
6,15.1,,16.39,,99.58,,674.5,,0.115,,0.1807,,0.1138,,0.08534,,0.2001,,0.06467,,0.4309,,1.068,,2.796,,39.84,,0.009006,,0.04185,,0.03204,,0.02258
6,19.79,,25.12,,130.4,,1192,,0.1015,,0.1589,,0.2545,,0.1149,,0.2202,,0.06113,,0.4953,,1.199,,2.765,,63.33,,0.005033,,0.03179,,0.04755,,0.01043
6,12.19,,13.29,,79.08,,455.8,,0.1066,,0.09509,,0.02855,,0.02882,,0.188,,0.06471,,0.2005,,0.8163,,1.973,,15.24,,0.006773,,0.02456,,0.01018,,0.008094
6,15.46,,19.48,,101.7,,748.9,,0.1092,,0.1223,,0.1466,,0.08087,,0.1931,,0.05796,,0.4743,,0.7859,,3.094,,48.31,,0.00624,,0.01484,,0.02813,,0.01093
6,16.16,,21.54,,106.2,,809.8,,0.1008,,0.1284,,0.1043,,0.05613,,0.216,,0.05891,,0.4332,,1.265,,2.844,,43.68,,0.004877,,0.01952,,0.02219,,0.009231
6,15.71,,13.93,,102,,761.7,,0.09462,,0.09462,,0.07135,,0.05933,,0.1816,,0.05723,,0.3117,,0.8155,,1.972,,27.94,,0.005217,,0.01515,,0.01678,,0.01268
6,18.45,,21.91,,120.2,,1075,,0.0943,,0.09709,,0.1153,,0.06847,,0.1692,,0.05727,,0.5959,,1.202,,3.766,,68.35,,0.006001,,0.01422,,0.02855,,0.009148
6,12.77,,22.47,,81.72,,506.3,,0.09055,,0.05761,,0.04711,,0.02704,,0.1585,,0.06065,,0.2367,,1.38,,1.457,,19.87,,0.007499,,0.01202,,0.02332,,0.00892
6,11.71,,16.67,,74.72,,423.6,,0.1051,,0.06095,,0.03592,,0.026,,0.1339,,0.05945,,0.4489,,2.508,,3.258,,34.37,,0.006578,,0.0138,,0.02662,,0.01307
6,11.43,,15.39,,73.06,,399.8,,0.09639,,0.06889,,0.03503,,0.02875,,0.1734,,0.05865,,0.1759,,0.9938,,1.143,,12.67,,0.005133,,0.01521,,0.01434,,0.008602
6,14.95,,17.57,,96.85,,678.1,,0.1167,,0.1305,,0.1539,,0.08624,,0.1957,,0.06216,,1.296,,1.452,,8.419,,101.9,,0.01,,0.0348,,0.06577,,0.02801
6,11.28,,13.39,,73,,384.8,,0.1164,,0.1136,,0.04635,,0.04796,,0.1771,,0.06072,,0.3384,,1.343,,1.851,,26.33,,0.01127,,0.03498,,0.02187,,0.01965
6,9.738,,11.97,,61.24,,288.5,,0.0925,,0.04102,,0,,0,,0.1903,,0.06422,,0.1988,,0.496,,1.218,,12.26,,0.00604,,0.005656,,0,,0
7,16.11,,18.05,,105.1,,813,,0.09721,,0.1137,,0.09447,,0.05943,,0.1861,,0.06248,,0.7049,,1.332,,4.533,,74.08,,0.00677,,0.01938,,0.03067,,0.01167
7,11.43,,17.31,,73.66,,398,,0.1092,,0.09486,,0.02031,,0.01861,,0.1645,,0.06562,,0.2843,,1.908,,1.937,,21.38,,0.006664,,0.01735,,0.01158,,0.00952
7,12.9,,15.92,,83.74,,512.2,,0.08677,,0.09509,,0.04894,,0.03088,,0.1778,,0.06235,,0.2143,,0.7712,,1.689,,16.64,,0.005324,,0.01563,,0.0151,,0.007584
7,10.75,,14.97,,68.26,,355.3,,0.07793,,0.05139,,0.02251,,0.007875,,0.1399,,0.05688,,0.2525,,1.239,,1.806,,17.74,,0.006547,,0.01781,,0.02018,,0.005612
7,11.9,,14.65,,78.11,,432.8,,0.1152,,0.1296,,0.0371,,0.03003,,0.1995,,0.07839,,0.3962,,0.6538,,3.021,,25.03,,0.01017,,0.04741,,0.02789,,0.0111
7,11.8,,16.58,,78.99,,432,,0.1091,,0.17,,0.1659,,0.07415,,0.2678,,0.07371,,0.3197,,1.426,,2.281,,24.72,,0.005427,,0.03633,,0.04649,,0.01843
7,14.95,,18.77,,97.84,,689.5,,0.08138,,0.1167,,0.0905,,0.03562,,0.1744,,0.06493,,0.422,,1.909,,3.271,,39.43,,0.00579,,0.04877,,0.05303,,0.01527
7,14.44,,15.18,,93.97,,640.1,,0.0997,,0.1021,,0.08487,,0.05532,,0.1724,,0.06081,,0.2406,,0.7394,,2.12,,21.2,,0.005706,,0.02297,,0.03114,,0.01493
7,13.74,,17.91,,88.12,,585,,0.07944,,0.06376,,0.02881,,0.01329,,0.1473,,0.0558,,0.25,,0.7574,,1.573,,21.47,,0.002838,,0.01592,,0.0178,,0.005828
7,13,,20.78,,83.51,,519.4,,0.1135,,0.07589,,0.03136,,0.02645,,0.254,,0.06087,,0.4202,,1.322,,2.873,,34.78,,0.007017,,0.01142,,0.01949,,0.01153
7,8.219,,20.7,,53.27,,203.9,,0.09405,,0.1305,,0.1321,,0.02168,,0.2222,,0.08261,,0.1935,,1.962,,1.243,,10.21,,0.01243,,0.05416,,0.07753,,0.01022
7,9.731,,15.34,,63.78,,300.2,,0.1072,,0.1599,,0.4108,,0.07857,,0.2548,,0.09296,,0.8245,,2.664,,4.073,,49.85,,0.01097,,0.09586,,0.396,,0.05279
7,11.15,,13.08,,70.87,,381.9,,0.09754,,0.05113,,0.01982,,0.01786,,0.183,,0.06105,,0.2251,,0.7815,,1.429,,15.48,,0.009019,,0.008985,,0.01196,,0.008232
7,13.15,,15.34,,85.31,,538.9,,0.09384,,0.08498,,0.09293,,0.03483,,0.1822,,0.06207,,0.271,,0.7927,,1.819,,22.79,,0.008584,,0.02017,,0.03047,,0.009536
7,12.25,,17.94,,78.27,,460.3,,0.08654,,0.06679,,0.03885,,0.02331,,0.197,,0.06228,,0.22,,0.9823,,1.484,,16.51,,0.005518,,0.01562,,0.01994,,0.007924
7,17.68,,20.74,,117.4,,963.7,,0.1115,,0.1665,,0.1855,,0.1054,,0.1971,,0.06166,,0.8113,,1.4,,5.54,,93.91,,0.009037,,0.04954,,0.05206,,0.01841
7,16.84,,19.46,,108.4,,880.2,,0.07445,,0.07223,,0.0515,,0.02771,,0.1844,,0.05268,,0.4789,,2.06,,3.479,,46.61,,0.003443,,0.02661,,0.03056,,0.0111
7,12.06,,12.74,,76.84,,448.6,,0.09311,,0.05241,,0.01972,,0.01963,,0.159,,0.05907,,0.1822,,0.7285,,1.171,,13.25,,0.005528,,0.009789,,0.008342,,0.006273
7,10.9,,12.96,,68.69,,366.8,,0.07515,,0.03718,,0.00309,,0.006588,,0.1442,,0.05743,,0.2818,,0.7614,,1.808,,18.54,,0.006142,,0.006134,,0.001835,,0.003576
7,11.75,,20.18,,76.1,,419.8,,0.1089,,0.1141,,0.06843,,0.03738,,0.1993,,0.06453,,0.5018,,1.693,,3.926,,38.34,,0.009433,,0.02405,,0.04167,,0.01152
7,19.19,,15.94,,126.3,,1157,,0.08694,,0.1185,,0.1193,,0.09667,,0.1741,,0.05176,,1,,0.6336,,6.971,,119.3,,0.009406,,0.03055,,0.04344,,0.02794
7,19.59,,18.15,,130.7,,1214,,0.112,,0.1666,,0.2508,,0.1286,,0.2027,,0.06082,,0.7364,,1.048,,4.792,,97.07,,0.004057,,0.02277,,0.04029,,0.01303
7,12.34,,22.22,,79.85,,464.5,,0.1012,,0.1015,,0.0537,,0.02822,,0.1551,,0.06761,,0.2949,,1.656,,1.955,,21.55,,0.01134,,0.03175,,0.03125,,0.01135
7,23.27,,22.04,,152.1,,1686,,0.08439,,0.1145,,0.1324,,0.09702,,0.1801,,0.05553,,0.6642,,0.8561,,4.603,,97.85,,0.00491,,0.02544,,0.02822,,0.01623
7,14.97,,19.76,,95.5,,690.2,,0.08421,,0.05352,,0.01947,,0.01939,,0.1515,,0.05266,,0.184,,1.065,,1.286,,16.64,,0.003634,,0.007983,,0.008268,,0.006432
8,10.8,,9.71,,68.77,,357.6,,0.09594,,0.05736,,0.02531,,0.01698,,0.1381,,0.064,,0.1728,,0.4064,,1.126,,11.48,,0.007809,,0.009816,,0.01099,,0.005344
8,16.78,,18.8,,109.3,,886.3,,0.08865,,0.09182,,0.08422,,0.06576,,0.1893,,0.05534,,0.599,,1.391,,4.129,,67.34,,0.006123,,0.0247,,0.02626,,0.01604
8,17.47,,24.68,,116.1,,984.6,,0.1049,,0.1603,,0.2159,,0.1043,,0.1538,,0.06365,,1.088,,1.41,,7.337,,122.3,,0.006174,,0.03634,,0.04644,,0.01569
8,14.97,,16.95,,96.22,,685.9,,0.09855,,0.07885,,0.02602,,0.03781,,0.178,,0.0565,,0.2713,,1.217,,1.893,,24.28,,0.00508,,0.0137,,0.007276,,0.009073
8,12.32,,12.39,,78.85,,464.1,,0.1028,,0.06981,,0.03987,,0.037,,0.1959,,0.05955,,0.236,,0.6656,,1.67,,17.43,,0.008045,,0.0118,,0.01683,,0.01241
8,13.43,,19.63,,85.84,,565.4,,0.09048,,0.06288,,0.05858,,0.03438,,0.1598,,0.05671,,0.4697,,1.147,,3.142,,43.4,,0.006003,,0.01063,,0.02151,,0.009443
8,15.46,,11.89,,102.5,,736.9,,0.1257,,0.1555,,0.2032,,0.1097,,0.1966,,0.07069,,0.4209,,0.6583,,2.805,,44.64,,0.005393,,0.02321,,0.04303,,0.0132
8,11.08,,14.71,,70.21,,372.7,,0.1006,,0.05743,,0.02363,,0.02583,,0.1566,,0.06669,,0.2073,,1.805,,1.377,,19.08,,0.01496,,0.02121,,0.01453,,0.01583
8,10.66,,15.15,,67.49,,349.6,,0.08792,,0.04302,,0,,0,,0.1928,,0.05975,,0.3309,,1.925,,2.155,,21.98,,0.008713,,0.01017,,0,,0
8,8.671,,14.45,,54.42,,227.2,,0.09138,,0.04276,,0,,0,,0.1722,,0.06724,,0.2204,,0.7873,,1.435,,11.36,,0.009172,,0.008007,,0,,0
8,9.904,,18.06,,64.6,,302.4,,0.09699,,0.1294,,0.1307,,0.03716,,0.1669,,0.08116,,0.4311,,2.261,,3.132,,27.48,,0.01286,,0.08808,,0.1197,,0.0246
8,16.46,,20.11,,109.3,,832.9,,0.09831,,0.1556,,0.1793,,0.08866,,0.1794,,0.06323,,0.3037,,1.284,,2.482,,31.59,,0.006627,,0.04094,,0.05371,,0.01813
8,13.01,,22.22,,82.01,,526.4,,0.06251,,0.01938,,0.001595,,0.001852,,0.1395,,0.05234,,0.1731,,1.142,,1.101,,14.34,,0.003418,,0.002252,,0.001595,,0.001852
8,12.81,,13.06,,81.29,,508.8,,0.08739,,0.03774,,0.009193,,0.0133,,0.1466,,0.06133,,0.2889,,0.9899,,1.778,,21.79,,0.008534,,0.006364,,0.00618,,0.007408
8,27.22,,21.87,,182.1,,2250,,0.1094,,0.1914,,0.2871,,0.1878,,0.18,,0.0577,,0.8361,,1.481,,5.82,,128.7,,0.004631,,0.02537,,0.03109,,0.01241
8,21.09,,26.57,,142.7,,1311,,0.1141,,0.2832,,0.2487,,0.1496,,0.2395,,0.07398,,0.6298,,0.7629,,4.414,,81.46,,0.004253,,0.04759,,0.03872,,0.01567
8,15.7,,20.31,,101.2,,766.6,,0.09597,,0.08799,,0.06593,,0.05189,,0.1618,,0.05549,,0.3699,,1.15,,2.406,,40.98,,0.004626,,0.02263,,0.01954,,0.009767
8,11.41,,14.92,,73.53,,402,,0.09059,,0.08155,,0.06181,,0.02361,,0.1167,,0.06217,,0.3344,,1.108,,1.902,,22.77,,0.007356,,0.03728,,0.05915,,0.01712
8,15.28,,22.41,,98.92,,710.6,,0.09057,,0.1052,,0.05375,,0.03263,,0.1727,,0.06317,,0.2054,,0.4956,,1.344,,19.53,,0.00329,,0.01395,,0.01774,,0.006009
8,10.08,,15.11,,63.76,,317.5,,0.09267,,0.04695,,0.001597,,0.002404,,0.1703,,0.06048,,0.4245,,1.268,,2.68,,26.43,,0.01439,,0.012,,0.001597,,0.002404
8,18.31,,18.58,,118.6,,1041,,0.08588,,0.08468,,0.08169,,0.05814,,0.1621,,0.05425,,0.2577,,0.4757,,1.817,,28.92,,0.002866,,0.009181,,0.01412,,0.006719
8,11.71,,17.19,,74.68,,420.3,,0.09774,,0.06141,,0.03809,,0.03239,,0.1516,,0.06095,,0.2451,,0.7655,,1.742,,17.86,,0.006905,,0.008704,,0.01978,,0.01185
8,11.81,,17.39,,75.27,,428.9,,0.1007,,0.05562,,0.02353,,0.01553,,0.1718,,0.0578,,0.1859,,1.926,,1.011,,14.47,,0.007831,,0.008776,,0.01556,,0.00624
8,12.3,,15.9,,78.83,,463.7,,0.0808,,0.07253,,0.03844,,0.01654,,0.1667,,0.05474,,0.2382,,0.8355,,1.687,,18.32,,0.005996,,0.02212,,0.02117,,0.006433
8,14.22,,23.12,,94.37,,609.9,,0.1075,,0.2413,,0.1981,,0.06618,,0.2384,,0.07542,,0.286,,2.11,,2.112,,31.72,,0.00797,,0.1354,,0.1166,,0.01666
8,12.77,,21.41,,82.02,,507.4,,0.08749,,0.06601,,0.03112,,0.02864,,0.1694,,0.06287,,0.7311,,1.748,,5.118,,53.65,,0.004571,,0.0179,,0.02176,,0.01757
8,9.72,,18.22,,60.73,,288.1,,0.0695,,0.02344,,0,,0,,0.1653,,0.06447,,0.3539,,4.885,,2.23,,21.69,,0.001713,,0.006736,,0,,0
8,12.34,,26.86,,81.15,,477.4,,0.1034,,0.1353,,0.1085,,0.04562,,0.1943,,0.06937,,0.4053,,1.809,,2.642,,34.44,,0.009098,,0.03845,,0.03763,,0.01321
8,14.86,,23.21,,100.4,,671.4,,0.1044,,0.198,,0.1697,,0.08878,,0.1737,,0.06672,,0.2796,,0.9622,,3.591,,25.2,,0.008081,,0.05122,,0.05551,,0.01883
8,12.91,,16.33,,82.53,,516.4,,0.07941,,0.05366,,0.03873,,0.02377,,0.1829,,0.05667,,0.1942,,0.9086,,1.493,,15.75,,0.005298,,0.01587,,0.02321,,0.00842
8,13.77,,22.29,,90.63,,588.9,,0.12,,0.1267,,0.1385,,0.06526,,0.1834,,0.06877,,0.6191,,2.112,,4.906,,49.7,,0.0138,,0.03348,,0.04665,,0.0206
